case,k,dz,el,dfq,pdk,pdt,pdq,pdc,qke0,tsq0,qsq0,cov0,delt,ust,flt,flq,pmz,phh,qke,tsq,qsq,cov
1,1, 6.0000000000000000E+001, 1.7000000000000000E+001, 1.0000000149011612E-001, 4.9999998882412910E-003, 7.9999997979030013E-005, 2.0999998961990229E-010, 1.9999999878450581E-008, 9.4999998807907104E-001, 9.9999997764825821E-003, 9.9999999392252903E-009,-9.9999999747524271E-007, 2.0000000000000000E+001, 3.0000001192092896E-001, 5.0000000745058060E-002, 1.9999999494757503E-005, 1.0000000000000000E+000, 1.0000000000000000E+000, 8.8413029909133911E-001, 1.1080565862357616E-002, 2.4931273046036040E-008,-1.6620848327875137E-005
1,2, 7.0000000000000000E+001, 1.9000000000000000E+001, 1.0000000149011612E-001, 4.9999998882412910E-003, 3.9999998989515007E-005, 8.9999993568845582E-011,-5.9999997858994902E-008, 8.9999997615814209E-001, 1.9999999552965164E-002, 1.9999999878450581E-008,-1.9999999949504854E-006, 2.0000000000000000E+001, 3.0000001192092896E-001, 5.0000000745058060E-002, 1.9999999494757503E-005, 1.0000000000000000E+000, 1.0000000000000000E+000, 1.0074748992919922E+000, 6.3245557248592377E-003, 5.2177579590306777E-008,-9.4868328233133070E-006
1,3, 8.0000000000000000E+001, 2.1000000000000000E+001, 1.0000000149011612E-001, 4.9999998882412910E-003, 0.0000000000000000E+000, 2.3999999210211342E-010, 0.0000000000000000E+000, 8.5000002384185791E-001, 2.9999999329447746E-002, 2.9999998929497451E-008,-3.0000001061125658E-006, 2.0000000000000000E+001, 3.0000001192092896E-001, 5.0000000745058060E-002, 1.9999999494757503E-005, 1.0000000000000000E+000, 1.0000000000000000E+000, 9.8058694601058960E-001, 1.2527732178568840E-002, 6.4428341772782005E-008, 1.0738056516856886E-005
1,4, 9.0000000000000000E+001, 2.3000000000000000E+001, 1.0000000149011612E-001, 4.9999998882412910E-003, 6.9999994593672454E-005, 1.1999999605105671E-010, 5.9999997858994902E-008, 8.0000001192092896E-001, 3.9999999105930328E-002, 3.9999999756901161E-008,-3.9999999899009708E-006, 2.0000000000000000E+001, 3.0000001192092896E-001, 5.0000000745058060E-002, 1.9999999494757503E-005, 1.0000000000000000E+000, 1.0000000000000000E+000, 9.4138050079345703E-001, 2.0124610513448715E-002, 2.4149533928152778E-008, 8.0498439274379052E-006
1,5, 1.0000000000000000E+002, 2.5000000000000000E+001, 1.0000000149011612E-001, 4.9999998882412910E-003, 2.9999999242136255E-005, 0.0000000000000000E+000,-1.9999999878450581E-008, 7.5000000000000000E-001, 4.9999997019767761E-002, 5.0000000584304871E-008,-4.9999998736893758E-006, 2.0000000000000000E+001, 3.0000001192092896E-001, 5.0000000745058060E-002, 1.9999999494757503E-005, 1.0000000000000000E+000, 1.0000000000000000E+000, 8.9996170997619629E-001, 2.9271660372614861E-002, 3.3774991692325784E-008, 4.5033320930087939E-006
1,6, 1.1000000000000000E+002, 2.7000000000000000E+001, 1.0000000149011612E-001, 4.9999998882412910E-003, 9.9999997473787516E-005, 1.4999999853326784E-010, 3.9999999756901161E-008, 6.9999998807907104E-001, 5.9999998658895493E-002, 5.9999997858994902E-008,-6.0000002122251317E-006, 2.0000000000000000E+001, 3.0000001192092896E-001, 5.0000000745058060E-002, 1.9999999494757503E-005, 1.0000000000000000E+000, 1.0000000000000000E+000, 8.5725200176239014E-001, 4.0159679949283600E-002, 4.5179639585057885E-008, 0.0000000000000000E+000
1,7, 1.2000000000000000E+002, 2.9000000000000000E+001, 1.0000000149011612E-001, 4.9999998882412910E-003, 5.9999998484272510E-005, 2.9999999012764178E-011,-3.9999999756901161E-008, 6.4999997615814209E-001, 7.0000000298023224E-002, 6.9999998686398612E-008,-7.0000000960135367E-006, 2.0000000000000000E+001, 3.0000001192092896E-001, 5.0000000745058060E-002, 1.9999999494757503E-005, 1.0000000000000000E+000, 1.0000000000000000E+000, 8.1352007389068604E-001, 2.2326251491904259E-002, 5.8606410391348618E-008,-5.5815630730648991E-006
1,8, 1.3000000000000000E+002, 3.1000000000000000E+001, 1.0000000149011612E-001, 4.9999998882412910E-003, 1.9999999494757503E-005, 1.7999998713769116E-010, 1.9999999878450581E-008, 6.0000002384185791E-001, 7.9999998211860657E-002, 7.9999999513802322E-008,-7.9999999798019417E-006, 2.0000000000000000E+001, 3.0000001192092896E-001, 5.0000000745058060E-002, 1.9999999494757503E-005, 1.0000000000000000E+000, 1.0000000000000000E+000, 7.6894557476043701E-001, 3.4082252532243729E-002, 7.4361274471357319E-008,-1.2393545148370322E-005
1,9, 1.4000000000000000E+002, 3.3000000000000000E+001, 1.0000000149011612E-001, 4.9999998882412910E-003, 9.0000001364387572E-005, 5.9999998025528356E-011,-5.9999997858994902E-008, 5.4999995231628418E-001, 8.9999996125698090E-002, 9.0000000341206032E-008,-9.0000003183376975E-006, 2.0000000000000000E+001, 3.0000001192092896E-001, 5.0000000745058060E-002, 1.9999999494757503E-005, 1.0000000000000000E+000, 1.0000000000000000E+000, 7.2366851568222046E-001, 4.8137873411178589E-002, 9.2837325382788549E-008,-2.0630515791708604E-005
1,10, 1.5000000000000000E+002, 3.5000000000000000E+001, 1.0000000149011612E-001, 4.9999998882412910E-003, 4.9999998736893758E-005, 2.0999998961990229E-010, 0.0000000000000000E+000, 5.0000000000000000E-001, 9.9999994039535522E-002, 1.0000000116860974E-007,-9.9999997473787516E-006, 2.0000000000000000E+001, 3.0000001192092896E-001, 5.0000000745058060E-002, 1.9999999494757503E-005, 1.0000000000000000E+000, 1.0000000000000000E+000, 6.7785042524337769E-001, 2.2910259664058685E-002, 1.1455129111936913E-007, 2.2910260668140836E-005
1,11, 1.6000000000000000E+002, 3.7000000000000000E+001, 1.0000000149011612E-001, 4.9999998882412910E-003, 9.9999997473787516E-006, 8.9999993568845582E-011, 5.9999997858994902E-008, 4.4999998807907104E-001, 1.0999999940395355E-001, 1.1000000199601345E-007,-1.1000000085914508E-005, 2.0000000000000000E+001, 3.0000001192092896E-001, 5.0000000745058060E-002, 1.9999999494757503E-005, 1.0000000000000000E+000, 1.0000000000000000E+000, 6.3305413722991943E-001, 3.8236763328313828E-002, 1.4020145044923993E-007, 1.6994115867419168E-005
1,12, 1.7000000000000000E+002, 3.9000000000000000E+001, 1.0000000149011612E-001, 4.9999998882412910E-003, 7.9999997979030013E-005, 2.3999999210211342E-010,-1.9999999878450581E-008, 3.9999997615814209E-001, 1.1999999731779099E-001, 1.1999999571798980E-007,-1.2000000424450263E-005, 2.0000000000000000E+001, 3.0000001192092896E-001, 5.0000000745058060E-002, 1.9999999494757503E-005, 1.0000000000000000E+000, 1.0000000000000000E+000, 6.3305419683456421E-001, 3.8236763328313828E-002, 1.4020145044923993E-007, 1.6994115867419168E-005
2,1, 6.0000000000000000E+001, 1.7000000000000000E+001, 1.0000000149011612E-001, 0.0000000000000000E+000, 9.0000001364387572E-005, 0.0000000000000000E+000, 3.9999999756901161E-008, 9.9999997473787516E-006, 9.9999997764825821E-003, 9.9999999392252903E-009,-9.9999999747524271E-007, 2.0000000000000000E+001, 9.9999997473787516E-005, 5.0000000745058060E-002, 1.9999999494757503E-005, 1.0000000000000000E+000, 1.0000000000000000E+000, 9.9999997473787516E-005, 4.2690749168395996E+000, 1.2807225175492931E-005,-3.4152599982917309E-003
2,2, 7.0000000000000000E+001, 1.9000000000000000E+001, 1.0000000149011612E-001, 0.0000000000000000E+000, 4.9999998736893758E-005, 1.4999999853326784E-010,-3.9999999756901161E-008, 9.9999997473787516E-006, 1.9999999552965164E-002, 1.9999999878450581E-008,-1.9999999949504854E-006, 2.0000000000000000E+001, 9.9999997473787516E-005, 5.0000000745058060E-002, 1.9999999494757503E-005, 1.0000000000000000E+000, 1.0000000000000000E+000, 9.9999997473787516E-005, 2.8460497856140137E+000, 8.5381498138303868E-006,-9.4868330052122474E-004
2,3, 8.0000000000000000E+001, 2.1000000000000000E+001, 1.0000000149011612E-001, 0.0000000000000000E+000, 9.9999997473787516E-006, 2.9999999012764178E-011, 1.9999999878450581E-008, 9.9999997473787516E-006, 2.9999999329447746E-002, 2.9999998929497451E-008,-3.0000001061125658E-006, 2.0000000000000000E+001, 9.9999997473787516E-005, 5.0000000745058060E-002, 1.9999999494757503E-005, 1.0000000000000000E+000, 1.0000000000000000E+000, 9.9999997473787516E-005, 4.6959824562072754E+000, 1.0957292033708654E-005,-2.0871029701083899E-003
2,4, 9.0000000000000000E+001, 2.3000000000000000E+001, 1.0000000149011612E-001, 0.0000000000000000E+000, 7.9999997979030013E-005, 1.7999998713769116E-010,-5.9999997858994902E-008, 9.9999997473787516E-006, 3.9999999105930328E-002, 3.9999999756901161E-008,-3.9999999899009708E-006, 2.0000000000000000E+001, 9.9999997473787516E-005, 5.0000000745058060E-002, 1.9999999494757503E-005, 1.0000000000000000E+000, 1.0000000000000000E+000, 9.9999997473787516E-005, 6.8305196762084961E+000, 1.3661039702128619E-005,-3.4152597654610872E-003
2,5, 1.0000000000000000E+002, 2.5000000000000000E+001, 1.0000000149011612E-001, 0.0000000000000000E+000, 3.9999998989515007E-005, 5.9999998025528356E-011, 0.0000000000000000E+000, 9.9999997473787516E-006, 4.9999997019767761E-002, 5.0000000584304871E-008,-4.9999998736893758E-006, 2.0000000000000000E+001, 9.9999997473787516E-005, 5.0000000745058060E-002, 1.9999999494757503E-005, 1.0000000000000000E+000, 1.0000000000000000E+000, 9.9999997473787516E-005, 2.4665765762329102E+000, 1.6649391909595579E-005, 3.6998647265136242E-003
2,6, 1.1000000000000000E+002, 2.7000000000000000E+001, 1.0000000149011612E-001, 0.0000000000000000E+000, 0.0000000000000000E+000, 2.0999998961990229E-010, 5.9999997858994902E-008, 9.9999997473787516E-006, 5.9999998658895493E-002, 5.9999997858994902E-008,-6.0000002122251317E-006, 2.0000000000000000E+001, 9.9999997473787516E-005, 5.0000000745058060E-002, 1.9999999494757503E-005, 1.0000000000000000E+000, 1.0000000000000000E+000, 9.9999997473787516E-005, 4.6485476493835449E+000, 1.9922346837120131E-005, 2.6563128922134638E-003
2,7, 1.2000000000000000E+002, 2.9000000000000000E+001, 1.0000000149011612E-001, 0.0000000000000000E+000, 6.9999994593672454E-005, 8.9999993568845582E-011,-1.9999999878450581E-008, 9.9999997473787516E-006, 7.0000000298023224E-002, 6.9999998686398612E-008,-7.0000000960135367E-006, 2.0000000000000000E+001, 9.9999997473787516E-005, 5.0000000745058060E-002, 1.9999999494757503E-005, 1.0000000000000000E+000, 1.0000000000000000E+000, 9.9999997473787516E-005, 7.1151242256164551E+000, 2.3479909941670485E-005, 1.4230250380933285E-003
2,8, 1.3000000000000000E+002, 3.1000000000000000E+001, 1.0000000149011612E-001, 0.0000000000000000E+000, 2.9999999242136255E-005, 2.3999999210211342E-010, 3.9999999756901161E-008, 9.9999997473787516E-006, 7.9999998211860657E-002, 7.9999999513802322E-008,-7.9999999798019417E-006, 2.0000000000000000E+001, 9.9999997473787516E-005, 5.0000000745058060E-002, 1.9999999494757503E-005, 1.0000000000000000E+000, 1.0000000000000000E+000, 9.9999997473787516E-005, 9.8663063049316406E+000, 2.7322077585267834E-005, 0.0000000000000000E+000
2,9, 1.4000000000000000E+002, 3.3000000000000000E+001, 1.0000000149011612E-001, 0.0000000000000000E+000, 9.9999997473787516E-005, 1.1999999605105671E-010,-3.9999999756901161E-008, 9.9999997473787516E-006, 8.9999996125698090E-002, 9.0000000341206032E-008,-9.0000003183376975E-006, 2.0000000000000000E+001, 9.9999997473787516E-005, 5.0000000745058060E-002, 1.9999999494757503E-005, 1.0000000000000000E+000, 1.0000000000000000E+000, 9.9999997473787516E-005, 1.2902091979980469E+001, 9.6765688795130700E-006,-1.6127615235745907E-003
2,10, 1.5000000000000000E+002, 3.5000000000000000E+001, 1.0000000149011612E-001, 0.0000000000000000E+000, 5.9999998484272510E-005, 0.0000000000000000E+000, 1.9999999878450581E-008, 9.9999997473787516E-006, 9.9999994039535522E-002, 1.0000000116860974E-007,-9.9999997473787516E-006, 2.0000000000000000E+001, 9.9999997473787516E-005, 5.0000000745058060E-002, 1.9999999494757503E-005, 1.0000000000000000E+000, 1.0000000000000000E+000, 9.9999997473787516E-005, 6.8305196762084961E+000, 1.2807225175492931E-005,-3.4152597654610872E-003
2,11, 1.6000000000000000E+002, 3.7000000000000000E+001, 1.0000000149011612E-001, 0.0000000000000000E+000, 1.9999999494757503E-005, 1.4999999853326784E-010,-5.9999997858994902E-008, 9.9999997473787516E-006, 1.0999999940395355E-001, 1.1000000199601345E-007,-1.1000000085914508E-005, 2.0000000000000000E+001, 9.9999997473787516E-005, 5.0000000745058060E-002, 1.9999999494757503E-005, 1.0000000000000000E+000, 1.0000000000000000E+000, 9.9999997473787516E-005, 9.9137401580810547E+000, 1.6222484191530384E-005,-5.4074944928288460E-003
2,12, 1.7000000000000000E+002, 3.9000000000000000E+001, 1.0000000149011612E-001, 0.0000000000000000E+000, 9.0000001364387572E-005, 2.9999999012764178E-011, 0.0000000000000000E+000, 9.9999997473787516E-006, 1.1999999731779099E-001, 1.1999999571798980E-007,-1.2000000424450263E-005, 2.0000000000000000E+001, 9.9999997473787516E-005, 5.0000000745058060E-002, 1.9999999494757503E-005, 1.0000000000000000E+000, 1.0000000000000000E+000, 9.9999997473787516E-005, 9.9137401580810547E+000, 1.6222484191530384E-005,-5.4074944928288460E-003
3,1, 6.0000000000000000E+001, 1.7000000000000000E+001, 1.0000000149011612E-001, 4.9999998882412910E-003, 9.9999997473787516E-005, 5.9999998025528356E-011, 5.9999997858994902E-008, 1.8100000000000000E+002, 9.9999997764825821E-003, 9.9999999392252903E-009,-9.9999999747524271E-007, 1.0000000474974513E-003, 3.0000001192092896E-001, 5.0000000745058060E-002, 1.9999999494757503E-005, 1.0000000000000000E+000, 1.0000000000000000E+000, 1.8098783874511719E+002, 1.2041365262120962E-003, 4.2144776557506702E-009,-4.0137885548574559E-007
3,2, 7.0000000000000000E+001, 1.9000000000000000E+001, 1.0000000149011612E-001, 4.9999998882412910E-003, 5.9999998484272510E-005, 2.0999998961990229E-010,-1.9999999878450581E-008, 1.8200000000000000E+002, 1.9999999552965164E-002, 1.9999999878450581E-008,-1.9999999949504854E-006, 1.0000000474974513E-003, 3.0000001192092896E-001, 5.0000000745058060E-002, 1.9999999494757503E-005, 1.0000000000000000E+000, 1.0000000000000000E+000, 1.8198977661132812E+002, 8.8949908968061209E-004, 3.3356213346991126E-009, 2.2237477992348431E-007
3,3, 8.0000000000000000E+001, 2.1000000000000000E+001, 1.0000000149011612E-001, 4.9999998882412910E-003, 1.9999999494757503E-005, 8.9999993568845582E-011, 3.9999999756901161E-008, 1.8300000000000000E+002, 2.9999999329447746E-002, 2.9999998929497451E-008,-3.0000001061125658E-006, 1.0000000474974513E-003, 3.0000001192092896E-001, 5.0000000745058060E-002, 1.9999999494757503E-005, 1.0000000000000000E+000, 1.0000000000000000E+000, 1.8299063110351562E+002, 1.3416865840554237E-003, 4.0250593968949033E-009, 0.0000000000000000E+000
3,4, 9.0000000000000000E+001, 2.3000000000000000E+001, 1.0000000149011612E-001, 4.9999998882412910E-003, 9.0000001364387572E-005, 2.3999999210211342E-010,-3.9999999756901161E-008, 1.8400000000000000E+002, 3.9999999105930328E-002, 3.9999999756901161E-008,-3.9999999899009708E-006, 1.0000000474974513E-003, 3.0000001192092896E-001, 5.0000000745058060E-002, 1.9999999494757503E-005, 1.0000000000000000E+000, 1.0000000000000000E+000, 1.8399134826660156E+002, 1.8577687442302704E-003, 4.7771191447054662E-009,-2.6539552777649078E-007
3,5, 1.0000000000000000E+002, 2.5000000000000000E+001, 1.0000000149011612E-001, 4.9999998882412910E-003, 4.9999998736893758E-005, 1.1999999605105671E-010, 1.9999999878450581E-008, 1.8500000000000000E+002, 4.9999997019767761E-002, 5.0000000584304871E-008,-4.9999998736893758E-006, 1.0000000474974513E-003, 3.0000001192092896E-001, 5.0000000745058060E-002, 1.9999999494757503E-005, 1.0000000000000000E+000, 1.0000000000000000E+000, 1.8499195861816406E+002, 8.6020102025941014E-004, 1.7204020430483524E-009,-5.7346733228769153E-007
3,6, 1.1000000000000000E+002, 2.7000000000000000E+001, 1.0000000149011612E-001, 4.9999998882412910E-003, 9.9999997473787516E-006, 0.0000000000000000E+000,-5.9999997858994902E-008, 1.8600000000000000E+002, 5.9999998658895493E-002, 5.9999997858994902E-008,-6.0000002122251317E-006, 1.0000000474974513E-003, 3.0000001192092896E-001, 5.0000000745058060E-002, 1.9999999494757503E-005, 1.0000000000000000E+000, 1.0000000000000000E+000, 1.8599246215820312E+002, 1.3858153251931071E-003, 2.3096919932186211E-009,-9.2387682570915786E-007
3,7, 1.2000000000000000E+002, 2.9000000000000000E+001, 1.0000000149011612E-001, 4.9999998882412910E-003, 7.9999997979030013E-005, 1.4999999853326784E-010, 0.0000000000000000E+000, 1.8700000000000000E+002, 7.0000000298023224E-002, 6.9999998686398612E-008,-7.0000000960135367E-006, 1.0000000474974513E-003, 3.0000001192092896E-001, 5.0000000745058060E-002, 1.9999999494757503E-005, 1.0000000000000000E+000, 1.0000000000000000E+000, 1.8699290466308594E+002, 1.9744355231523514E-003, 2.9616535890397699E-009, 9.8721784524968825E-007
3,8, 1.3000000000000000E+002, 3.1000000000000000E+001, 1.0000000149011612E-001, 4.9999998882412910E-003, 3.9999998989515007E-005, 2.9999999012764178E-011, 5.9999997858994902E-008, 1.8800000000000000E+002, 7.9999998211860657E-002, 7.9999999513802322E-008,-7.9999999798019417E-006, 1.0000000474974513E-003, 3.0000001192092896E-001, 5.0000000745058060E-002, 1.9999999494757503E-005, 1.0000000000000000E+000, 1.0000000000000000E+000, 1.8799328613281250E+002, 7.0015195524320006E-004, 3.6757976662471492E-009, 7.0015192932260106E-007
3,9, 1.4000000000000000E+002, 3.3000000000000000E+001, 1.0000000149011612E-001, 4.9999998882412910E-003, 0.0000000000000000E+000, 1.7999998713769116E-010,-1.9999999878450581E-008, 1.8900000000000000E+002, 8.9999996125698090E-002, 9.0000000341206032E-008,-9.0000003183376975E-006, 1.0000000474974513E-003, 3.0000001192092896E-001, 5.0000000745058060E-002, 1.9999999494757503E-005, 1.0000000000000000E+000, 1.0000000000000000E+000, 1.8899363708496094E+002, 1.2983963824808598E-003, 4.4516448305387257E-009, 3.7097041172273748E-007
3,10, 1.5000000000000000E+002, 3.5000000000000000E+001, 1.0000000149011612E-001, 4.9999998882412910E-003, 6.9999994593672454E-005, 5.9999998025528356E-011, 3.9999999756901161E-008, 1.9000000000000000E+002, 9.9999994039535522E-002, 1.0000000116860974E-007,-9.9999997473787516E-006, 1.0000000474974513E-003, 3.0000001192092896E-001, 5.0000000745058060E-002, 1.9999999494757503E-005, 1.0000000000000000E+000, 1.0000000000000000E+000, 1.8999394226074219E+002, 1.9587855786085129E-003, 5.2887214607721944E-009, 0.0000000000000000E+000
3,11, 1.6000000000000000E+002, 3.7000000000000000E+001, 1.0000000149011612E-001, 4.9999998882412910E-003, 2.9999999242136255E-005, 2.0999998961990229E-010,-3.9999999756901161E-008, 1.9100000000000000E+002, 1.0999999940395355E-001, 1.1000000199601345E-007,-1.1000000085914508E-005, 1.0000000474974513E-003, 3.0000001192092896E-001, 5.0000000745058060E-002, 1.9999999494757503E-005, 1.0000000000000000E+000, 1.0000000000000000E+000, 1.9099423217773438E+002, 2.6808439288288355E-003, 6.1865619294110274E-009,-4.1243751525144035E-007
3,12, 1.7000000000000000E+002, 3.9000000000000000E+001, 1.0000000149011612E-001, 4.9999998882412910E-003, 9.9999997473787516E-005, 8.9999993568845582E-011, 1.9999999878450581E-008, 1.9200000000000000E+002, 1.1999999731779099E-001, 1.1999999571798980E-007,-1.2000000424450263E-005, 1.0000000474974513E-003, 3.0000001192092896E-001, 5.0000000745058060E-002, 1.9999999494757503E-005, 1.0000000000000000E+000, 1.0000000000000000E+000, 1.9099423217773438E+002, 2.6808439288288355E-003, 6.1865619294110274E-009,-4.1243751525144035E-007
4,1, 6.0000000000000000E+001, 1.7000000000000000E+001, 1.0000000149011612E-001, 4.9999998882412910E-003, 0.0000000000000000E+000, 1.1999999605105671E-010,-5.9999997858994902E-008, 9.4999998807907104E-001, 9.9999997764825821E-003, 9.9999999392252903E-009,-9.9999999747524271E-007, 2.0000000000000000E+001, 3.0000001192092896E-001, 5.0000000745058060E-002, 1.9999999494757503E-005, 1.0000000000000000E+000, 1.0000000000000000E+000, 8.8413029909133911E-001, 1.9390989094972610E-002, 0.0000000000000000E+000, 0.0000000000000000E+000
4,2, 7.0000000000000000E+001, 1.9000000000000000E+001, 1.0000000149011612E-001, 4.9999998882412910E-003, 6.9999994593672454E-005, 0.0000000000000000E+000, 0.0000000000000000E+000, 8.9999997615814209E-001, 1.9999999552965164E-002, 1.9999999878450581E-008,-1.9999999949504854E-006, 2.0000000000000000E+001, 3.0000001192092896E-001, 5.0000000745058060E-002, 1.9999999494757503E-005, 1.0000000000000000E+000, 1.0000000000000000E+000, 1.0074748992919922E+000, 1.5811387449502945E-002, 2.3717083408314465E-008, 9.4868328233133070E-006
4,3, 8.0000000000000000E+001, 2.1000000000000000E+001, 1.0000000149011612E-001, 4.9999998882412910E-003, 2.9999999242136255E-005, 1.4999999853326784E-010, 5.9999997858994902E-008, 8.5000002384185791E-001, 2.9999999329447746E-002, 2.9999998929497451E-008,-3.0000001061125658E-006, 2.0000000000000000E+001, 3.0000001192092896E-001, 5.0000000745058060E-002, 1.9999999494757503E-005, 1.0000000000000000E+000, 1.0000000000000000E+000, 9.8058694601058960E-001, 2.3265790194272995E-002, 3.2214170886391003E-008, 7.1587041929888073E-006
4,4, 9.0000000000000000E+001, 2.3000000000000000E+001, 1.0000000149011612E-001, 4.9999998882412910E-003, 9.9999997473787516E-005, 2.9999999012764178E-011,-1.9999999878450581E-008, 8.0000001192092896E-001, 3.9999999105930328E-002, 3.9999999756901161E-008,-3.9999999899009708E-006, 2.0000000000000000E+001, 3.0000001192092896E-001, 5.0000000745058060E-002, 1.9999999494757503E-005, 1.0000000000000000E+000, 1.0000000000000000E+000, 9.4138050079345703E-001, 3.2199379056692123E-002, 4.2261685706534990E-008, 4.0249224184663035E-006
4,5, 1.0000000000000000E+002, 2.5000000000000000E+001, 1.0000000149011612E-001, 4.9999998882412910E-003, 5.9999998484272510E-005, 1.7999998713769116E-010, 3.9999999756901161E-008, 7.5000000000000000E-001, 4.9999997019767761E-002, 5.0000000584304871E-008,-4.9999998736893758E-006, 2.0000000000000000E+001, 3.0000001192092896E-001, 5.0000000745058060E-002, 1.9999999494757503E-005, 1.0000000000000000E+000, 1.0000000000000000E+000, 8.9996170997619629E-001, 1.8013328313827515E-002, 5.4039983155007576E-008, 0.0000000000000000E+000
4,6, 1.1000000000000000E+002, 2.7000000000000000E+001, 1.0000000149011612E-001, 4.9999998882412910E-003, 1.9999999494757503E-005, 5.9999998025528356E-011,-3.9999999756901161E-008, 6.9999998807907104E-001, 5.9999998658895493E-002, 5.9999997858994902E-008,-6.0000002122251317E-006, 2.0000000000000000E+001, 3.0000001192092896E-001, 5.0000000745058060E-002, 1.9999999494757503E-005, 1.0000000000000000E+000, 1.0000000000000000E+000, 8.5725200176239014E-001, 2.7609780430793762E-002, 6.7769455824873148E-008,-5.0199600991618354E-006
4,7, 1.2000000000000000E+002, 2.9000000000000000E+001, 1.0000000149011612E-001, 4.9999998882412910E-003, 9.0000001364387572E-005, 2.0999998961990229E-010, 1.9999999878450581E-008, 6.4999997615814209E-001, 7.0000000298023224E-002, 6.9999998686398612E-008,-7.0000000960135367E-006, 2.0000000000000000E+001, 3.0000001192092896E-001, 5.0000000745058060E-002, 1.9999999494757503E-005, 1.0000000000000000E+000, 1.0000000000000000E+000, 8.1352007389068604E-001, 3.9070941507816315E-002, 8.3723435295723903E-008,-1.1163125236635096E-005
4,8, 1.3000000000000000E+002, 3.1000000000000000E+001, 1.0000000149011612E-001, 4.9999998882412910E-003, 4.9999998736893758E-005, 8.9999993568845582E-011,-5.9999997858994902E-008, 6.0000002384185791E-001, 7.9999998211860657E-002, 7.9999999513802322E-008,-7.9999999798019417E-006, 2.0000000000000000E+001, 3.0000001192092896E-001, 5.0000000745058060E-002, 1.9999999494757503E-005, 1.0000000000000000E+000, 1.0000000000000000E+000, 7.6894557476043701E-001, 1.8590318039059639E-002, 1.0224674440451054E-007,-1.8590319086797535E-005
4,9, 1.4000000000000000E+002, 3.3000000000000000E+001, 1.0000000149011612E-001, 4.9999998882412910E-003, 9.9999997473787516E-006, 2.3999999210211342E-010, 0.0000000000000000E+000, 5.4999995231628418E-001, 8.9999996125698090E-002, 9.0000000341206032E-008,-9.0000003183376975E-006, 2.0000000000000000E+001, 3.0000001192092896E-001, 5.0000000745058060E-002, 1.9999999494757503E-005, 1.0000000000000000E+000, 1.0000000000000000E+000, 7.2366851568222046E-001, 3.0945776030421257E-002, 1.2378309577343316E-007, 2.0630515791708604E-005
4,10, 1.5000000000000000E+002, 3.5000000000000000E+001, 1.0000000149011612E-001, 4.9999998882412910E-003, 7.9999997979030013E-005, 1.1999999605105671E-010, 5.9999997858994902E-008, 5.0000000000000000E-001, 9.9999994039535522E-002, 1.0000000116860974E-007,-9.9999997473787516E-006, 2.0000000000000000E+001, 3.0000001192092896E-001, 5.0000000745058060E-002, 1.9999999494757503E-005, 1.0000000000000000E+000, 1.0000000000000000E+000, 6.7785042524337769E-001, 4.5820519328117371E-002, 4.5820520711004065E-008, 1.5273506505764090E-005
4,11, 1.6000000000000000E+002, 3.7000000000000000E+001, 1.0000000149011612E-001, 4.9999998882412910E-003, 3.9999998989515007E-005, 0.0000000000000000E+000,-1.9999999878450581E-008, 4.4999998807907104E-001, 1.0999999940395355E-001, 1.1000000199601345E-007,-1.1000000085914508E-005, 2.0000000000000000E+001, 3.0000001192092896E-001, 5.0000000745058060E-002, 1.9999999494757503E-005, 1.0000000000000000E+000, 1.0000000000000000E+000, 6.3305413722991943E-001, 1.6994116827845573E-002, 6.3727938481861202E-008, 8.4970588432042859E-006
4,12, 1.7000000000000000E+002, 3.9000000000000000E+001, 1.0000000149011612E-001, 4.9999998882412910E-003, 0.0000000000000000E+000, 1.4999999853326784E-010, 3.9999999756901161E-008, 4.0000000000000000E+000, 1.1999999731779099E-001, 1.1999999571798980E-007,-1.2000000424450263E-005, 2.0000000000000000E+001, 3.0000001192092896E-001, 5.0000000745058060E-002, 1.9999999494757503E-005, 1.0000000000000000E+000, 1.0000000000000000E+000, 6.3305419683456421E-001, 1.6994116827845573E-002, 6.3727938481861202E-008, 8.4970588432042859E-006
5,1, 6.0000000000000000E+001, 1.7000000000000000E+001, 1.0000000149011612E-001, 4.9999998882412910E-003, 9.9999997473787516E-006, 1.7999998713769116E-010,-3.9999999756901161E-008, 9.4999998807907104E-001, 9.9999997764825821E-003, 9.9999999392252903E-009,-9.9999999747524271E-007, 2.0000000000000000E+001, 3.0000001192092896E-001, 5.0000000745058060E-002, 1.9999999494757503E-005, 1.0000000000000000E+000, 1.0000000000000000E+000, 8.8390719890594482E-001, 2.2161131724715233E-002, 1.6620848697357360E-008, 5.5402833822881803E-006
5,2, 7.0000000000000000E+001, 1.9000000000000000E+001, 1.0000000149011612E-001, 4.9999998882412910E-003, 7.9999997979030013E-005, 5.9999998025528356E-011, 1.9999999878450581E-008, 8.9999997615814209E-001, 1.9999999552965164E-002, 1.9999999878450581E-008,-1.9999999949504854E-006, 2.0000000000000000E+001, 3.0000001192092896E-001, 5.0000000745058060E-002, 1.9999999494757503E-005, 1.0000000000000000E+000, 1.0000000000000000E+000, 1.0045967102050781E+000, 1.8973667174577713E-002, 4.2690750490237406E-008,-6.3245552155422047E-006
5,3, 8.0000000000000000E+001, 2.1000000000000000E+001, 1.0000000149011612E-001, 4.9999998882412910E-003, 3.9999998989515007E-005, 2.0999998961990229E-010,-5.9999997858994902E-008, 8.5000002384185791E-001, 2.9999999329447746E-002, 2.9999998929497451E-008,-3.0000001061125658E-006, 2.0000000000000000E+001, 3.0000001192092896E-001, 5.0000000745058060E-002, 1.9999999494757503E-005, 1.0000000000000000E+000, 1.0000000000000000E+000, 9.3882095813751221E-001, 7.1587045677006245E-003, 5.3690282442175885E-008,-1.0738056516856886E-005
5,4, 9.0000000000000000E+001, 2.3000000000000000E+001, 1.0000000149011612E-001, 4.9999998882412910E-003, 0.0000000000000000E+000, 8.9999993568845582E-011, 0.0000000000000000E+000,-1.9999999552965164E-002, 3.9999999105930328E-002, 3.9999999756901161E-008,-3.9999999899009708E-006, 2.0000000000000000E+001, 3.0000001192092896E-001, 5.0000000745058060E-002, 1.9999999494757503E-005, 1.0000000000000000E+000, 1.0000000000000000E+000, 2.6495134830474854E-001, 0.0000000000000000E+000, 0.0000000000000000E+000, 0.0000000000000000E+000
5,5, 1.0000000000000000E+002, 2.5000000000000000E+001, 1.0000000149011612E-001, 4.9999998882412910E-003, 6.9999994593672454E-005, 2.3999999210211342E-010, 5.9999997858994902E-008, 7.5000000000000000E-001, 4.9999997019767761E-002, 5.0000000584304871E-008,-4.9999998736893758E-006, 2.0000000000000000E+001, 3.0000001192092896E-001, 5.0000000745058060E-002, 1.9999999494757503E-005, 1.0000000000000000E+000, 1.0000000000000000E+000, 8.6535239219665527E-001, 2.2516658529639244E-002, 8.1059972956154525E-008, 9.0066632765228860E-006
5,6, 1.1000000000000000E+002, 2.7000000000000000E+001, 1.0000000149011612E-001, 4.9999998882412910E-003, 2.9999999242136255E-005, 1.1999999605105671E-010,-1.9999999878450581E-008, 6.9999998807907104E-001, 5.9999998658895493E-002, 5.9999997858994902E-008,-6.0000002122251317E-006, 2.0000000000000000E+001, 3.0000001192092896E-001, 5.0000000745058060E-002, 1.9999999494757503E-005, 1.0000000000000000E+000, 1.0000000000000000E+000, 8.5561966896057129E-001, 3.2629739493131638E-002, 3.0119760907609816E-008, 5.0199600991618354E-006
5,7, 1.2000000000000000E+002, 2.9000000000000000E+001, 1.0000000149011612E-001, 4.9999998882412910E-003, 9.9999997473787516E-005, 0.0000000000000000E+000, 3.9999999756901161E-008, 6.4999997615814209E-001, 7.0000000298023224E-002, 6.9999998686398612E-008,-7.0000000960135367E-006, 2.0000000000000000E+001, 3.0000001192092896E-001, 5.0000000745058060E-002, 1.9999999494757503E-005, 1.0000000000000000E+000, 1.0000000000000000E+000, 8.1344860792160034E-001, 4.4652502983808517E-002, 4.1861721200575630E-008, 0.0000000000000000E+000
5,8, 1.3000000000000000E+002, 3.1000000000000000E+001, 1.0000000149011612E-001, 4.9999998882412910E-003, 5.9999998484272510E-005, 1.4999999853326784E-010,-3.9999999756901161E-008, 6.0000002384185791E-001, 7.9999998211860657E-002, 7.9999999513802322E-008,-7.9999999798019417E-006, 2.0000000000000000E+001, 3.0000001192092896E-001, 5.0000000745058060E-002, 1.9999999494757503E-005, 1.0000000000000000E+000, 1.0000000000000000E+000, 7.6894271373748779E-001, 2.4787092581391335E-002, 5.5770957629874829E-008,-6.1967730289325118E-006
5,9, 1.4000000000000000E+002, 3.3000000000000000E+001, 1.0000000149011612E-001, 4.9999998882412910E-003, 1.9999999494757503E-005, 2.9999999012764178E-011, 1.9999999878450581E-008, 5.4999995231628418E-001, 8.9999996125698090E-002, 9.0000000341206032E-008,-9.0000003183376975E-006, 2.0000000000000000E+001, 3.0000001192092896E-001, 5.0000000745058060E-002, 1.9999999494757503E-005, 1.0000000000000000E+000, 1.0000000000000000E+000, 7.2366839647293091E-001, 3.7822615355253220E-002, 7.2206802315122331E-008,-1.3753676284977701E-005
5,10, 1.5000000000000000E+002, 3.5000000000000000E+001, 1.0000000149011612E-001, 4.9999998882412910E-003, 9.0000001364387572E-005, 1.7999998713769116E-010,-5.9999997858994902E-008, 5.0000000000000000E-001, 9.9999994039535522E-002, 1.0000000116860974E-007,-9.9999997473787516E-006, 2.0000000000000000E+001, 3.0000001192092896E-001, 5.0000000745058060E-002, 1.9999999494757503E-005, 1.0000000000000000E+000, 1.0000000000000000E+000, 6.7785042524337769E-001, 5.3457275032997131E-002, 9.1641041422008129E-008,-2.2910260668140836E-005
5,11, 1.6000000000000000E+002, 3.7000000000000000E+001, 1.0000000149011612E-001, 4.9999998882412910E-003, 4.9999998736893758E-005, 5.9999998025528356E-011, 0.0000000000000000E+000, 4.4999998807907104E-001, 1.0999999940395355E-001, 1.1000000199601345E-007,-1.1000000085914508E-005, 2.0000000000000000E+001, 3.0000001192092896E-001, 5.0000000745058060E-002, 1.9999999494757503E-005, 1.0000000000000000E+000, 1.0000000000000000E+000, 6.3305413722991943E-001, 2.5491176173090935E-002, 1.1471028926735016E-007, 2.5491175620118156E-005
5,12, 1.7000000000000000E+002, 3.9000000000000000E+001, 1.0000000149011612E-001, 4.9999998882412910E-003, 9.9999997473787516E-006, 2.0999998961990229E-010, 5.9999997858994902E-008, 3.9999997615814209E-001, 1.1999999731779099E-001, 1.1999999571798980E-007,-1.2000000424450263E-005, 2.0000000000000000E+001, 3.0000001192092896E-001, 5.0000000745058060E-002, 1.9999999494757503E-005, 1.0000000000000000E+000, 1.0000000000000000E+000, 6.3305419683456421E-001, 2.5491176173090935E-002, 1.1471028926735016E-007, 2.5491175620118156E-005
6,1, 6.0000000000000000E+001, 1.7000000000000000E+001, 1.0000000149011612E-001,-1.0000000149011612E-001, 1.9999999494757503E-005, 2.3999999210211342E-010,-1.9999999878450581E-008, 9.4999998807907104E-001, 9.9999997764825821E-003, 9.9999999392252903E-009,-9.9999999747524271E-007, 2.0000000000000000E+001, 3.0000001192092896E-001, 5.0000000745058060E-002, 1.9999999494757503E-005, 1.0000000000000000E+000, 1.0000000000000000E+000, 6.0154151916503906E-001, 2.4931274354457855E-002, 3.3241697394714720E-008, 1.1080566764576361E-005
6,2, 7.0000000000000000E+001, 1.9000000000000000E+001, 1.0000000149011612E-001,-1.0000000149011612E-001, 9.0000001364387572E-005, 1.1999999605105671E-010, 3.9999999756901161E-008, 8.9999997615814209E-001, 1.9999999552965164E-002, 1.9999999878450581E-008,-1.9999999949504854E-006, 2.0000000000000000E+001, 3.0000001192092896E-001, 5.0000000745058060E-002, 1.9999999494757503E-005, 1.0000000000000000E+000, 1.0000000000000000E+000, 9.9999997473787516E-005, 2.2135945037007332E-002, 1.8973667081922940E-008, 0.0000000000000000E+000
6,3, 8.0000000000000000E+001, 2.1000000000000000E+001, 1.0000000149011612E-001,-1.0000000149011612E-001, 4.9999998736893758E-005, 0.0000000000000000E+000,-3.9999999756901161E-008, 8.5000002384185791E-001, 2.9999999329447746E-002, 2.9999998929497451E-008,-3.0000001061125658E-006, 2.0000000000000000E+001, 3.0000001192092896E-001, 5.0000000745058060E-002, 1.9999999494757503E-005, 1.0000000000000000E+000, 1.0000000000000000E+000, 9.9999997473787516E-005, 1.0738057084381580E-002, 2.6845142997444782E-008,-3.5793523238680791E-006
6,4, 9.0000000000000000E+001, 2.3000000000000000E+001, 1.0000000149011612E-001,-1.0000000149011612E-001, 9.9999997473787516E-006, 1.4999999853326784E-010, 1.9999999878450581E-008, 8.0000001192092896E-001, 3.9999999105930328E-002, 3.9999999756901161E-008,-3.9999999899009708E-006, 2.0000000000000000E+001, 3.0000001192092896E-001, 5.0000000745058060E-002, 1.9999999494757503E-005, 1.0000000000000000E+000, 1.0000000000000000E+000, 9.9999997473787516E-005, 1.8112150952219963E-002, 3.6224303556764426E-008,-8.0498439274379052E-006
6,5, 1.0000000000000000E+002, 2.5000000000000000E+001, 1.0000000149011612E-001,-1.0000000149011612E-001, 7.9999997979030013E-005, 2.9999999012764178E-011,-5.9999997858994902E-008, 7.5000000000000000E-001, 4.9999997019767761E-002, 5.0000000584304871E-008,-4.9999998736893758E-006, 2.0000000000000000E+001, 3.0000001192092896E-001, 5.0000000745058060E-002, 1.9999999494757503E-005, 1.0000000000000000E+000, 1.0000000000000000E+000, 9.9999997473787516E-005, 2.7019992470741272E-002, 4.7284984816542419E-008,-1.3509996279026382E-005
6,6, 1.1000000000000000E+002, 2.7000000000000000E+001, 1.0000000149011612E-001,-1.0000000149011612E-001, 3.9999998989515007E-005, 1.7999998713769116E-010, 0.0000000000000000E+000, 6.9999998807907104E-001, 5.9999998658895493E-002, 5.9999997858994902E-008,-6.0000002122251317E-006, 2.0000000000000000E+001, 3.0000001192092896E-001, 5.0000000745058060E-002, 1.9999999494757503E-005, 1.0000000000000000E+000, 1.0000000000000000E+000, 9.9999997473787516E-005, 1.0039919987320900E-002, 6.0239521815219632E-008, 1.5059879842738155E-005
6,7, 1.2000000000000000E+002, 2.9000000000000000E+001, 1.0000000149011612E-001,-1.0000000149011612E-001, 0.0000000000000000E+000, 5.9999998025528356E-011, 5.9999997858994902E-008, 6.4999997615814209E-001, 7.0000000298023224E-002, 6.9999998686398612E-008,-7.0000000960135367E-006, 2.0000000000000000E+001, 3.0000001192092896E-001, 5.0000000745058060E-002, 1.9999999494757503E-005, 1.0000000000000000E+000, 1.0000000000000000E+000, 9.9999997473787516E-005, 1.9535468891263008E-002, 7.5351103134835284E-008, 1.1163125236635096E-005
6,8, 1.3000000000000000E+002, 3.1000000000000000E+001, 1.0000000149011612E-001,-1.0000000149011612E-001, 6.9999994593672454E-005, 2.0999998961990229E-010,-1.9999999878450581E-008, 6.0000002384185791E-001, 7.9999998211860657E-002, 7.9999999513802322E-008,-7.9999999798019417E-006, 2.0000000000000000E+001, 3.0000001192092896E-001, 5.0000000745058060E-002, 1.9999999494757503E-005, 1.0000000000000000E+000, 1.0000000000000000E+000, 9.9999997473787516E-005, 3.0983861535787582E-002, 9.2951587760126131E-008, 6.1967730289325118E-006
6,9, 1.4000000000000000E+002, 3.3000000000000000E+001, 1.0000000149011612E-001,-1.0000000149011612E-001, 2.9999999242136255E-005, 8.9999993568845582E-011, 3.9999999756901161E-008, 5.4999995231628418E-001, 8.9999996125698090E-002, 9.0000000341206032E-008,-9.0000003183376975E-006, 2.0000000000000000E+001, 3.0000001192092896E-001, 5.0000000745058060E-002, 1.9999999494757503E-005, 1.0000000000000000E+000, 1.0000000000000000E+000, 9.9999997473787516E-005, 4.4699452817440033E-002, 1.1346783423960005E-007, 0.0000000000000000E+000
6,10, 1.5000000000000000E+002, 3.5000000000000000E+001, 1.0000000149011612E-001,-1.0000000149011612E-001, 9.9999997473787516E-005, 2.3999999210211342E-010,-3.9999999756901161E-008, 5.0000000000000000E-001, 9.9999994039535522E-002, 1.0000000116860974E-007,-9.9999997473787516E-006, 2.0000000000000000E+001, 3.0000001192092896E-001, 5.0000000745058060E-002, 1.9999999494757503E-005, 1.0000000000000000E+000, 1.0000000000000000E+000, 9.9999997473787516E-005, 6.1094027012586594E-002, 1.3746155502758484E-007,-7.6367532528820448E-006
6,11, 1.6000000000000000E+002, 3.7000000000000000E+001, 1.0000000149011612E-001,-1.0000000149011612E-001, 5.9999998484272510E-005, 1.1999999605105671E-010, 1.9999999878450581E-008, 4.4999998807907104E-001, 1.0999999940395355E-001, 1.1000000199601345E-007,-1.1000000085914508E-005, 2.0000000000000000E+001, 3.0000001192092896E-001, 5.0000000745058060E-002, 1.9999999494757503E-005, 1.0000000000000000E+000, 1.0000000000000000E+000, 9.9999997473787516E-005, 3.3988233655691147E-002, 5.0982350785488961E-008,-1.6994115867419168E-005
6,12, 1.7000000000000000E+002, 3.9000000000000000E+001, 1.0000000149011612E-001,-1.0000000149011612E-001, 1.9999999494757503E-005, 0.0000000000000000E+000,-5.9999997858994902E-008, 3.9999997615814209E-001, 1.1999999731779099E-001, 1.1999999571798980E-007,-1.2000000424450263E-005, 2.0000000000000000E+001, 3.0000001192092896E-001, 5.0000000745058060E-002, 1.9999999494757503E-005, 1.0000000000000000E+000, 1.0000000000000000E+000, 9.9999997473787516E-005, 3.3988233655691147E-002, 5.0982350785488961E-008,-1.6994115867419168E-005
7,1, 6.0000000000000000E+001, 1.7000000000000000E+001, 1.2000000476837158E+000, 4.9999998882412910E-003, 2.9999999242136255E-005, 2.9999999012764178E-011, 0.0000000000000000E+000, 9.4999998807907104E-001, 9.9999997764825821E-003, 9.9999999392252903E-009,-9.9999999747524271E-007, 2.0000000000000000E+001, 3.0000001192092896E-001, 5.0000000745058060E-002, 1.9999999494757503E-005, 1.0000000000000000E+000, 1.0000000000000000E+000, 5.8863294124603271E-001, 2.7701415121555328E-002, 4.9862546092072080E-008, 1.6620848327875137E-005
7,2, 7.0000000000000000E+001, 1.9000000000000000E+001, 1.2000000476837158E+000, 4.9999998882412910E-003, 9.9999997473787516E-005, 1.7999998713769116E-010, 5.9999997858994902E-008, 8.9999997615814209E-001, 1.9999999552965164E-002, 1.9999999878450581E-008,-1.9999999949504854E-006, 2.0000000000000000E+001, 3.0000001192092896E-001, 5.0000000745058060E-002, 1.9999999494757503E-005, 1.0000000000000000E+000, 1.0000000000000000E+000, 8.4539592266082764E-001, 2.5298222899436951E-002, 3.7947334163845881E-008, 6.3245552155422047E-006
7,3, 8.0000000000000000E+001, 2.1000000000000000E+001, 1.2000000476837158E+000, 4.9999998882412910E-003, 5.9999998484272510E-005, 5.9999998025528356E-011,-1.9999999878450581E-008, 8.5000002384185791E-001, 2.9999999329447746E-002, 2.9999998929497451E-008,-3.0000001061125658E-006, 2.0000000000000000E+001, 3.0000001192092896E-001, 5.0000000745058060E-002, 1.9999999494757503E-005, 1.0000000000000000E+000, 1.0000000000000000E+000, 9.1960525512695312E-001, 1.4317409135401249E-002, 4.8321258105943343E-008, 3.5793523238680791E-006
7,4, 9.0000000000000000E+001, 2.3000000000000000E+001, 1.2000000476837158E+000, 4.9999998882412910E-003, 1.9999999494757503E-005, 2.0999998961990229E-010, 3.9999999756901161E-008, 8.0000001192092896E-001, 3.9999999105930328E-002, 3.9999999756901161E-008,-3.9999999899009708E-006, 2.0000000000000000E+001, 3.0000001192092896E-001, 5.0000000745058060E-002, 1.9999999494757503E-005, 1.0000000000000000E+000, 1.0000000000000000E+000, 9.2029786109924316E-001, 2.2137073799967766E-002, 6.0373828603133006E-008, 0.0000000000000000E+000
7,5, 1.0000000000000000E+002, 2.5000000000000000E+001, 1.2000000476837158E+000, 4.9999998882412910E-003, 9.0000001364387572E-005, 8.9999993568845582E-011,-3.9999999756901161E-008, 7.5000000000000000E-001, 4.9999997019767761E-002, 5.0000000584304871E-008,-4.9999998736893758E-006, 2.0000000000000000E+001, 3.0000001192092896E-001, 5.0000000745058060E-002, 1.9999999494757503E-005, 1.0000000000000000E+000, 1.0000000000000000E+000, 8.9281576871871948E-001, 3.1523324549198151E-002, 7.4304978170403047E-008,-4.5033320930087939E-006
7,6, 1.1000000000000000E+002, 2.7000000000000000E+001, 1.2000000476837158E+000, 4.9999998882412910E-003, 4.9999998736893758E-005, 2.3999999210211342E-010, 1.9999999878450581E-008, 6.9999998807907104E-001, 5.9999998658895493E-002, 5.9999997858994902E-008,-6.0000002122251317E-006, 2.0000000000000000E+001, 3.0000001192092896E-001, 5.0000000745058060E-002, 1.9999999494757503E-005, 1.0000000000000000E+000, 1.0000000000000000E+000, 8.5475039482116699E-001, 1.5059879980981350E-002, 9.0359272064688412E-008,-1.0039919288828969E-005
7,7, 1.2000000000000000E+002, 2.9000000000000000E+001, 1.2000000476837158E+000, 4.9999998882412910E-003, 9.9999997473787516E-006, 1.1999999605105671E-010,-5.9999997858994902E-008, 6.4999997615814209E-001, 7.0000000298023224E-002, 6.9999998686398612E-008,-7.0000000960135367E-006, 2.0000000000000000E+001, 3.0000001192092896E-001, 5.0000000745058060E-002, 1.9999999494757503E-005, 1.0000000000000000E+000, 1.0000000000000000E+000, 8.1258732080459595E-001, 2.5117034092545509E-002, 3.3489378381545976E-008,-1.6744688764447346E-005
7,8, 1.3000000000000000E+002, 3.1000000000000000E+001, 1.2000000476837158E+000, 4.9999998882412910E-003, 7.9999997979030013E-005, 0.0000000000000000E+000, 0.0000000000000000E+000, 6.0000002384185791E-001, 7.9999998211860657E-002, 7.9999999513802322E-008,-7.9999999798019417E-006, 2.0000000000000000E+001, 3.0000001192092896E-001, 5.0000000745058060E-002, 1.9999999494757503E-005, 1.0000000000000000E+000, 1.0000000000000000E+000, 7.6872986555099487E-001, 3.7180636078119278E-002, 4.6475797432776744E-008, 1.8590319086797535E-005
7,9, 1.4000000000000000E+002, 3.3000000000000000E+001, 1.2000000476837158E+000, 4.9999998882412910E-003, 3.9999998989515007E-005, 1.4999999853326784E-010, 5.9999997858994902E-008, 5.4999995231628418E-001, 8.9999996125698090E-002, 9.0000000341206032E-008,-9.0000003183376975E-006, 2.0000000000000000E+001, 3.0000001192092896E-001, 5.0000000745058060E-002, 1.9999999494757503E-005, 1.0000000000000000E+000, 1.0000000000000000E+000, 7.2440838813781738E-001, 1.3753677718341351E-002, 6.1891547886716580E-008, 1.3753676284977701E-005
7,10, 1.5000000000000000E+002, 3.5000000000000000E+001, 1.2000000476837158E+000, 4.9999998882412910E-003, 0.0000000000000000E+000, 2.9999999012764178E-011,-1.9999999878450581E-008, 5.0000000000000000E-001, 9.9999994039535522E-002, 1.0000000116860974E-007,-9.9999997473787516E-006, 2.0000000000000000E+001, 3.0000001192092896E-001, 5.0000000745058060E-002, 1.9999999494757503E-005, 1.0000000000000000E+000, 1.0000000000000000E+000, 6.8153268098831177E-001, 2.6728635653853416E-002, 8.0185905915186595E-008, 7.6367532528820448E-006
7,11, 1.6000000000000000E+002, 3.7000000000000000E+001, 1.2000000476837158E+000, 4.9999998882412910E-003, 6.9999994593672454E-005, 1.7999998713769116E-010, 3.9999999756901161E-008, 4.4999998807907104E-001, 1.0999999940395355E-001, 1.1000000199601345E-007,-1.1000000085914508E-005, 2.0000000000000000E+001, 3.0000001192092896E-001, 5.0000000745058060E-002, 1.9999999494757503E-005, 1.0000000000000000E+000, 1.0000000000000000E+000, 6.4666450023651123E-001, 4.2485289275646210E-002, 1.0196470157097792E-007, 0.0000000000000000E+000
7,12, 1.7000000000000000E+002, 3.9000000000000000E+001, 1.2000000476837158E+000, 4.9999998882412910E-003, 2.9999999242136255E-005, 5.9999998025528356E-011,-3.9999999756901161E-008, 3.9999997615814209E-001, 1.1999999731779099E-001, 1.1999999571798980E-007,-1.2000000424450263E-005, 2.0000000000000000E+001, 3.0000001192092896E-001, 5.0000000745058060E-002, 1.9999999494757503E-005, 1.0000000000000000E+000, 1.0000000000000000E+000, 6.4666450023651123E-001, 4.2485289275646210E-002, 1.0196470157097792E-007, 0.0000000000000000E+000
8,1, 6.0000000000000000E+001, 1.7000000000000000E+001, 1.0000000149011612E-001, 4.9999998882412910E-003, 3.9999998989515007E-005, 8.9999993568845582E-011, 1.9999999878450581E-008, 9.4999998807907104E-001, 9.9999997764825821E-003, 9.9999999392252903E-009,-9.9999999747524271E-007, 6.0000000000000000E+001, 3.0000001192092896E-001, 5.0000000745058060E-002, 1.9999999494757503E-005, 1.0000000000000000E+000, 1.0000000000000000E+000, 8.3721566200256348E-001, 0.0000000000000000E+000, 6.6483394789429440E-008,-1.6620848327875137E-005
8,2, 7.0000000000000000E+001, 1.9000000000000000E+001, 1.0000000149011612E-001, 4.9999998882412910E-003, 0.0000000000000000E+000, 2.3999999210211342E-010,-5.9999997858994902E-008, 8.9999997615814209E-001, 1.9999999552965164E-002, 1.9999999878450581E-008,-1.9999999949504854E-006, 6.0000000000000000E+001, 3.0000001192092896E-001, 5.0000000745058060E-002, 1.9999999494757503E-005, 1.0000000000000000E+000, 1.0000000000000000E+000, 1.1540546417236328E+000, 1.1067971587181091E-002, 5.6920995916698303E-008,-9.4868328233133070E-006
8,3, 8.0000000000000000E+001, 2.1000000000000000E+001, 1.0000000149011612E-001, 4.9999998882412910E-003, 6.9999994593672454E-005, 1.1999999605105671E-010, 0.0000000000000000E+000, 8.5000002384185791E-001, 2.9999999329447746E-002, 2.9999998929497451E-008,-3.0000001061125658E-006, 6.0000000000000000E+001, 3.0000001192092896E-001, 5.0000000745058060E-002, 1.9999999494757503E-005, 1.0000000000000000E+000, 1.0000000000000000E+000, 1.1899710893630981E+000, 1.7896760255098343E-002, 2.1476113332141722E-008, 1.0738056516856886E-005
8,4, 9.0000000000000000E+001, 2.3000000000000000E+001, 1.0000000149011612E-001, 4.9999998882412910E-003, 2.9999999242136255E-005, 0.0000000000000000E+000, 5.9999997858994902E-008, 8.0000001192092896E-001, 3.9999999105930328E-002, 3.9999999756901161E-008,-3.9999999899009708E-006, 6.0000000000000000E+001, 3.0000001192092896E-001, 5.0000000745058060E-002, 1.9999999494757503E-005, 1.0000000000000000E+000, 1.0000000000000000E+000, 1.1783838272094727E+000, 2.6161996647715569E-002, 3.0186917854280182E-008, 8.0498439274379052E-006
8,5, 1.0000000000000000E+002, 2.5000000000000000E+001, 1.0000000149011612E-001, 4.9999998882412910E-003, 9.9999997473787516E-005, 1.4999999853326784E-010,-1.9999999878450581E-008, 7.5000000000000000E-001, 4.9999997019767761E-002, 5.0000000584304871E-008,-4.9999998736893758E-006, 6.0000000000000000E+001, 3.0000001192092896E-001, 5.0000000745058060E-002, 1.9999999494757503E-005, 1.0000000000000000E+000, 1.0000000000000000E+000, 1.1566108465194702E+000, 3.6026656627655029E-002, 4.0529990030790941E-008, 4.5033320930087939E-006
8,6, 1.1000000000000000E+002, 2.7000000000000000E+001, 1.0000000149011612E-001, 4.9999998882412910E-003, 5.9999998484272510E-005, 2.9999999012764178E-011, 3.9999999756901161E-008, 6.9999998807907104E-001, 5.9999998658895493E-002, 5.9999997858994902E-008,-6.0000002122251317E-006, 6.0000000000000000E+001, 3.0000001192092896E-001, 5.0000000745058060E-002, 1.9999999494757503E-005, 1.0000000000000000E+000, 1.0000000000000000E+000, 1.1305979490280151E+000, 2.0079839974641800E-002, 5.2709577147425080E-008, 0.0000000000000000E+000
8,7, 1.2000000000000000E+002, 2.9000000000000000E+001, 1.0000000149011612E-001, 4.9999998882412910E-003, 1.9999999494757503E-005, 1.7999998713769116E-010,-3.9999999756901161E-008, 6.4999997615814209E-001, 7.0000000298023224E-002, 6.9999998686398612E-008,-7.0000000960135367E-006, 6.0000000000000000E+001, 3.0000001192092896E-001, 5.0000000745058060E-002, 1.9999999494757503E-005, 1.0000000000000000E+000, 1.0000000000000000E+000, 1.1016108989715576E+000, 3.0698597431182861E-002, 6.6978756763091951E-008,-5.5815630730648991E-006
8,8, 1.3000000000000000E+002, 3.1000000000000000E+001, 1.0000000149011612E-001, 4.9999998882412910E-003, 9.0000001364387572E-005, 5.9999998025528356E-011, 1.9999999878450581E-008, 6.0000002384185791E-001, 7.9999998211860657E-002, 7.9999999513802322E-008,-7.9999999798019417E-006, 6.0000000000000000E+001, 3.0000001192092896E-001, 5.0000000745058060E-002, 1.9999999494757503E-005, 1.0000000000000000E+000, 1.0000000000000000E+000, 1.0701923370361328E+000, 4.3377414345741272E-002, 8.3656438221169083E-008,-1.2393545148370322E-005
8,9, 1.4000000000000000E+002, 3.3000000000000000E+001, 1.0000000149011612E-001, 4.9999998882412910E-003, 4.9999998736893758E-005, 2.0999998961990229E-010,-5.9999997858994902E-008, 5.4999995231628418E-001, 8.9999996125698090E-002, 9.0000000341206032E-008,-9.0000003183376975E-006, 6.0000000000000000E+001, 3.0000001192092896E-001, 5.0000000745058060E-002, 1.9999999494757503E-005, 1.0000000000000000E+000, 1.0000000000000000E+000, 1.0367389917373657E+000, 2.0630516111850739E-002, 1.0315257270576694E-007,-2.0630515791708604E-005
8,10, 1.5000000000000000E+002, 3.5000000000000000E+001, 1.0000000149011612E-001, 4.9999998882412910E-003, 9.9999997473787516E-006, 8.9999993568845582E-011, 0.0000000000000000E+000, 5.0000000000000000E-001, 9.9999994039535522E-002, 1.0000000116860974E-007,-9.9999997473787516E-006, 6.0000000000000000E+001, 3.0000001192092896E-001, 5.0000000745058060E-002, 1.9999999494757503E-005, 1.0000000000000000E+000, 1.0000000000000000E+000, 1.0017899274826050E+000, 3.4365393221378326E-002, 1.2600642662619066E-007, 2.2910260668140836E-005
8,11, 1.6000000000000000E+002, 3.7000000000000000E+001, 1.0000000149011612E-001, 4.9999998882412910E-003, 7.9999997979030013E-005, 2.3999999210211342E-010, 5.9999997858994902E-008, 4.4999998807907104E-001, 1.0999999940395355E-001, 1.1000000199601345E-007,-1.1000000085914508E-005, 6.0000000000000000E+001, 3.0000001192092896E-001, 5.0000000745058060E-002, 1.9999999494757503E-005, 1.0000000000000000E+000, 1.0000000000000000E+000, 9.6829980611801147E-001, 5.0982352346181870E-002, 1.5294705235646688E-007, 1.6994115867419168E-005
8,12, 1.7000000000000000E+002, 3.9000000000000000E+001, 1.0000000149011612E-001, 4.9999998882412910E-003, 3.9999998989515007E-005, 1.1999999605105671E-010,-1.9999999878450581E-008, 3.9999997615814209E-001, 1.1999999731779099E-001, 1.1999999571798980E-007,-1.2000000424450263E-005, 6.0000000000000000E+001, 3.0000001192092896E-001, 5.0000000745058060E-002, 1.9999999494757503E-005, 1.0000000000000000E+000, 1.0000000000000000E+000, 9.6829974651336670E-001, 5.0982352346181870E-002, 1.5294705235646688E-007, 1.6994115867419168E-005
